hero_astro	Holliday	heroes/astro_sm.psd	false
hero_atlas	Abrams	heroes/bull_sm.psd	false
hero_baba	Baba	heroes/baba_sm.psd	true
hero_bebop	Bebop	heroes/bebop_sm.psd	false
hero_bookworm	Paige	heroes/bookworm_sm.psd	false
hero_chessmaster	Solomon	heroes/chessmaster_sm.psd	false
hero_chrono	Paradox	heroes/chrono_sm.psd	false
hero_doorman	The Doorman	heroes/doorman_sm.psd	false
hero_drifter	Drifter	heroes/drifter_sm.psd	false
hero_dynamo	Dynamo	heroes/sumo_sm.psd	false
hero_familiar	Rem	heroes/familiar_sm.psd	false
hero_fencer	Apollo	heroes/fencer_sm.psd	false
hero_forge	McGinnis	heroes/engineer_sm.psd	false
hero_frank	Victor	heroes/frank_sm.psd	false
hero_genericperson	Generic Person	heroes/genericperson_sm.psd	true
hero_ghost	Lady Geist	heroes/spectre_sm.psd	false
hero_gigawatt	Seven	heroes/gigawatt_sm.psd	false
hero_haze	Haze	heroes/haze_sm.psd	false
hero_hornet	Vindicta	heroes/hornet_sm.png	false
hero_inferno	Infernus	heroes/inferno_sm.psd	false
hero_kelvin	Kelvin	heroes/kelvin_sm.psd	false
hero_krill	Mo & Krill	heroes/digger_sm.psd	false
hero_lash	Lash	heroes/lash_sm.psd	false
hero_magician	Sinclair	heroes/magician_sm.psd	false
hero_mirage	Mirage	heroes/mirage_sm.psd	false
hero_nano	Calico	heroes/nano_sm.psd	false
hero_necro	Graves	heroes/necro_sm.psd	false
hero_orion	Grey Talon	heroes/archer_sm.psd	false
hero_priest	Venator	heroes/priest_sm.psd	false
hero_punkgoat	Billy	heroes/punkgoat_sm.psd	false
hero_ratking	Rat King	heroes/ratking_sm.psd	false
hero_shiv	Shiv	heroes/shiv_sm.psd	false
hero_synth	Pocket	heroes/synth_sm.psd	false
hero_tengu	Ivy	heroes/tengu_sm.psd	false
hero_unicorn	Celeste	heroes/unicorn_sm.psd	false
hero_vampirebat	Mina	heroes/vampirebat_sm.psd	false
hero_viper	Vyper	heroes/kali_sm.psd	false
hero_viscous	Viscous	heroes/viscous_sm.psd	false
hero_warden	Warden	heroes/warden_sm.psd	false
hero_werewolf	Silver	heroes/werewolf_sm.psd	false
hero_wraith	Wraith	heroes/wraith_sm.psd	false
hero_yamato	Yamato	heroes/yamato_sm.psd	false
